,Year,County,State,Value
0,2015,DALLAS,ALABAMA,29.7
1,2015,HALE,ALABAMA,35.2
2,2015,LOWNDES,ALABAMA,28.0
3,2015,PERRY,ALABAMA,27.7
4,2015,SUMTER,ALABAMA,29.6
5,2015,BALDWIN,ALABAMA,43.4
6,2015,ESCAMBIA,ALABAMA,35.9
7,2015,MONROE,ALABAMA,30.9
8,2015,BLOUNT,ALABAMA,43.8
9,2015,CHEROKEE,ALABAMA,30.3
10,2015,CULLMAN,ALABAMA,53.6
11,2015,ETOWAH,ALABAMA,36.9
12,2015,JACKSON,ALABAMA,35.0
13,2015,COLBERT,ALABAMA,44.1
14,2015,LAUDERDALE,ALABAMA,46.5
15,2015,LAWRENCE,ALABAMA,42.6
16,2015,LIMESTONE,ALABAMA,47.4
17,2015,MADISON,ALABAMA,45.8
18,2015,MORGAN,ALABAMA,42.9
19,2015,CHILTON,ALABAMA,41.7
20,2015,FAYETTE,ALABAMA,22.2
21,2015,TALLADEGA,ALABAMA,40.3
22,2015,TUSCALOOSA,ALABAMA,44.2
23,2015,BARBOUR,ALABAMA,52.1
24,2015,COVINGTON,ALABAMA,38.4
25,2015,GENEVA,ALABAMA,36.7
26,2015,HOUSTON,ALABAMA,26.7
27,2015,PIKE,ALABAMA,30.0
28,2015,PERRY,ARKANSAS,25.4
29,2015,ARKANSAS,ARKANSAS,53.9
30,2015,CRITTENDEN,ARKANSAS,43.7
31,2015,CROSS,ARKANSAS,48.2
32,2015,LEE,ARKANSAS,47.6
33,2015,LONOKE,ARKANSAS,46.4
34,2015,MONROE,ARKANSAS,46.4
35,2015,PHILLIPS,ARKANSAS,47.1
36,2015,PRAIRIE,ARKANSAS,47.9
37,2015,WOODRUFF,ARKANSAS,40.7
38,2015,CLAY,ARKANSAS,49.9
39,2015,CRAIGHEAD,ARKANSAS,52.0
40,2015,GREENE,ARKANSAS,45.2
41,2015,INDEPENDENCE,ARKANSAS,40.8
42,2015,JACKSON,ARKANSAS,40.5
43,2015,LAWRENCE,ARKANSAS,37.9
44,2015,MISSISSIPPI,ARKANSAS,53.0
45,2015,POINSETT,ARKANSAS,51.8
46,2015,RANDOLPH,ARKANSAS,45.2
47,2015,WHITE,ARKANSAS,39.8
48,2015,BENTON,ARKANSAS,37.3
49,2015,ASHLEY,ARKANSAS,56.1
50,2015,CHICOT,ARKANSAS,53.0
51,2015,DESHA,ARKANSAS,61.1
52,2015,DREW,ARKANSAS,57.0
53,2015,JEFFERSON,ARKANSAS,60.6
54,2015,LINCOLN,ARKANSAS,58.3
55,2015,KENT,DELAWARE,42.5
56,2015,NEW CASTLE,DELAWARE,40.9
57,2015,SUSSEX,DELAWARE,37.8
58,2015,BLECKLEY,GEORGIA,42.8
59,2015,DODGE,GEORGIA,34.8
60,2015,LAURENS,GEORGIA,48.9
61,2015,PEACH,GEORGIA,55.1
62,2015,BURKE,GEORGIA,37.5
63,2015,JEFFERSON,GEORGIA,38.1
64,2015,JENKINS,GEORGIA,45.8
65,2015,HART,GEORGIA,42.7
66,2015,OGLETHORPE,GEORGIA,35.3
67,2015,CHATTOOGA,GEORGIA,39.0
68,2015,GORDON,GEORGIA,39.8
69,2015,WALKER,GEORGIA,50.5
70,2015,BERRIEN,GEORGIA,44.2
71,2015,BROOKS,GEORGIA,57.7
72,2015,COFFEE,GEORGIA,40.7
73,2015,COLQUITT,GEORGIA,47.0
74,2015,JEFF DAVIS,GEORGIA,46.4
75,2015,TELFAIR,GEORGIA,36.2
76,2015,TIFT,GEORGIA,46.7
77,2015,APPLING,GEORGIA,51.7
78,2015,EVANS,GEORGIA,35.5
79,2015,PIERCE,GEORGIA,44.6
80,2015,TATTNALL,GEORGIA,37.9
81,2015,TOOMBS,GEORGIA,46.9
82,2015,WARE,GEORGIA,47.7
83,2015,DECATUR,GEORGIA,55.2
84,2015,EARLY,GEORGIA,44.7
85,2015,GRADY,GEORGIA,47.7
86,2015,MITCHELL,GEORGIA,58.1
87,2015,SEMINOLE,GEORGIA,44.3
88,2015,TERRELL,GEORGIA,42.3
89,2015,THOMAS,GEORGIA,50.0
90,2015,MACON,GEORGIA,36.7
91,2015,MARION,GEORGIA,35.0
92,2015,TAYLOR,GEORGIA,35.1
93,2015,DE WITT,ILLINOIS,63.4
94,2015,LOGAN,ILLINOIS,56.6
95,2015,MACON,ILLINOIS,67.4
96,2015,MARSHALL,ILLINOIS,60.1
97,2015,MASON,ILLINOIS,51.4
98,2015,MCLEAN,ILLINOIS,64.6
99,2015,MENARD,ILLINOIS,60.0
100,2015,PEORIA,ILLINOIS,60.7
101,2015,STARK,ILLINOIS,62.6
102,2015,TAZEWELL,ILLINOIS,60.4
103,2015,WOODFORD,ILLINOIS,63.4
104,2015,CHAMPAIGN,ILLINOIS,64.0
105,2015,FORD,ILLINOIS,58.6
106,2015,IROQUOIS,ILLINOIS,52.1
107,2015,KANKAKEE,ILLINOIS,45.6
108,2015,LIVINGSTON,ILLINOIS,59.5
109,2015,PIATT,ILLINOIS,73.1
110,2015,VERMILION,ILLINOIS,61.2
111,2015,CLARK,ILLINOIS,60.1
112,2015,CLAY,ILLINOIS,46.1
113,2015,COLES,ILLINOIS,62.3
114,2015,CRAWFORD,ILLINOIS,51.0
115,2015,CUMBERLAND,ILLINOIS,58.6
116,2015,DOUGLAS,ILLINOIS,67.0
117,2015,EDGAR,ILLINOIS,58.2
118,2015,EFFINGHAM,ILLINOIS,52.8
119,2015,FAYETTE,ILLINOIS,50.4
120,2015,JASPER,ILLINOIS,53.1
121,2015,LAWRENCE,ILLINOIS,50.8
122,2015,MARION,ILLINOIS,48.1
123,2015,MOULTRIE,ILLINOIS,64.8
124,2015,RICHLAND,ILLINOIS,48.0
125,2015,SHELBY,ILLINOIS,59.6
126,2015,BOONE,ILLINOIS,58.1
127,2015,GRUNDY,ILLINOIS,53.2
128,2015,KANE,ILLINOIS,57.4
129,2015,LAKE,ILLINOIS,44.0
130,2015,MCHENRY,ILLINOIS,55.9
131,2015,WILL,ILLINOIS,49.8
132,2015,BUREAU,ILLINOIS,60.2
133,2015,CARROLL,ILLINOIS,63.6
134,2015,HENRY,ILLINOIS,59.4
135,2015,JO DAVIESS,ILLINOIS,55.3
136,2015,LEE,ILLINOIS,60.5
137,2015,MERCER,ILLINOIS,59.3
138,2015,OGLE,ILLINOIS,60.2
139,2015,PUTNAM,ILLINOIS,60.0
140,2015,ROCK ISLAND,ILLINOIS,58.2
141,2015,STEPHENSON,ILLINOIS,59.9
142,2015,WHITESIDE,ILLINOIS,60.7
143,2015,WINNEBAGO,ILLINOIS,54.9
144,2015,FRANKLIN,ILLINOIS,45.9
145,2015,GALLATIN,ILLINOIS,51.6
146,2015,HARDIN,ILLINOIS,43.3
147,2015,JEFFERSON,ILLINOIS,42.1
148,2015,MASSAC,ILLINOIS,50.2
149,2015,POPE,ILLINOIS,48.2
150,2015,WABASH,ILLINOIS,49.1
151,2015,WAYNE,ILLINOIS,44.1
152,2015,WHITE,ILLINOIS,47.7
153,2015,CLINTON,ILLINOIS,48.0
154,2015,JOHNSON,ILLINOIS,41.3
155,2015,MONROE,ILLINOIS,44.7
156,2015,PERRY,ILLINOIS,42.9
157,2015,PULASKI,ILLINOIS,46.1
158,2015,RANDOLPH,ILLINOIS,41.7
159,2015,WASHINGTON,ILLINOIS,43.5
160,2015,WILLIAMSON,ILLINOIS,46.0
161,2015,ADAMS,ILLINOIS,52.1
162,2015,BROWN,ILLINOIS,49.0
163,2015,FULTON,ILLINOIS,56.0
164,2015,HANCOCK,ILLINOIS,56.2
165,2015,HENDERSON,ILLINOIS,57.3
166,2015,KNOX,ILLINOIS,63.2
167,2015,MCDONOUGH,ILLINOIS,59.7
168,2015,SCHUYLER,ILLINOIS,53.2
169,2015,WARREN,ILLINOIS,60.5
170,2015,BOND,ILLINOIS,48.5
171,2015,CALHOUN,ILLINOIS,55.2
172,2015,CASS,ILLINOIS,60.0
173,2015,CHRISTIAN,ILLINOIS,60.2
174,2015,GREENE,ILLINOIS,55.9
175,2015,JERSEY,ILLINOIS,53.7
176,2015,MACOUPIN,ILLINOIS,55.0
177,2015,MADISON,ILLINOIS,55.1
178,2015,MONTGOMERY,ILLINOIS,56.6
179,2015,MORGAN,ILLINOIS,58.1
180,2015,PIKE,ILLINOIS,47.7
181,2015,SANGAMON,ILLINOIS,60.7
182,2015,SCOTT,ILLINOIS,50.7
183,2015,BARTHOLOMEW,INDIANA,52.5
184,2015,BOONE,INDIANA,49.9
185,2015,CLINTON,INDIANA,53.2
186,2015,DECATUR,INDIANA,57.4
187,2015,GRANT,INDIANA,44.8
188,2015,HAMILTON,INDIANA,50.1
189,2015,HANCOCK,INDIANA,48.2
190,2015,HENDRICKS,INDIANA,52.0
191,2015,HOWARD,INDIANA,51.9
192,2015,JOHNSON,INDIANA,53.0
193,2015,MADISON,INDIANA,49.1
194,2015,MARION,INDIANA,53.0
195,2015,MORGAN,INDIANA,49.7
196,2015,RUSH,INDIANA,55.9
197,2015,SHELBY,INDIANA,53.2
198,2015,TIPTON,INDIANA,54.9
199,2015,BLACKFORD,INDIANA,45.1
200,2015,DELAWARE,INDIANA,48.0
201,2015,FAYETTE,INDIANA,56.2
202,2015,HENRY,INDIANA,53.3
203,2015,JAY,INDIANA,43.7
204,2015,RANDOLPH,INDIANA,49.1
205,2015,UNION,INDIANA,55.6
206,2015,WAYNE,INDIANA,54.6
207,2015,CARROLL,INDIANA,54.2
208,2015,CASS,INDIANA,51.1
209,2015,ELKHART,INDIANA,51.1
210,2015,FULTON,INDIANA,45.2
211,2015,KOSCIUSKO,INDIANA,51.5
212,2015,MARSHALL,INDIANA,47.3
213,2015,MIAMI,INDIANA,48.5
214,2015,ST. JOSEPH,INDIANA,45.9
215,2015,WABASH,INDIANA,48.4
216,2015,ADAMS,INDIANA,40.9
217,2015,ALLEN,INDIANA,42.7
218,2015,HUNTINGTON,INDIANA,46.5
219,2015,LAGRANGE,INDIANA,51.6
220,2015,NOBLE,INDIANA,50.2
221,2015,STEUBEN,INDIANA,48.9
222,2015,WELLS,INDIANA,41.5
223,2015,WHITLEY,INDIANA,43.8
224,2015,BENTON,INDIANA,56.9
225,2015,JASPER,INDIANA,40.4
226,2015,LAKE,INDIANA,47.6
227,2015,NEWTON,INDIANA,50.2
228,2015,PORTER,INDIANA,54.5
229,2015,PULASKI,INDIANA,43.8
230,2015,STARKE,INDIANA,46.9
231,2015,WHITE,INDIANA,51.3
232,2015,FLOYD,INDIANA,38.5
233,2015,HARRISON,INDIANA,49.1
234,2015,JACKSON,INDIANA,46.1
235,2015,LAWRENCE,INDIANA,48.9
236,2015,MONROE,INDIANA,48.6
237,2015,ORANGE,INDIANA,53.3
238,2015,WASHINGTON,INDIANA,46.9
239,2015,CLARK,INDIANA,44.6
240,2015,DEARBORN,INDIANA,48.2
241,2015,FRANKLIN,INDIANA,55.9
242,2015,JEFFERSON,INDIANA,41.0
243,2015,JENNINGS,INDIANA,48.7
244,2015,OHIO,INDIANA,47.9
245,2015,RIPLEY,INDIANA,45.4
246,2015,SCOTT,INDIANA,43.8
247,2015,SWITZERLAND,INDIANA,52.4
248,2015,DAVIESS,INDIANA,53.4
249,2015,DUBOIS,INDIANA,54.4
250,2015,GIBSON,INDIANA,55.2
251,2015,GREENE,INDIANA,48.6
252,2015,KNOX,INDIANA,47.8
253,2015,POSEY,INDIANA,57.3
254,2015,SPENCER,INDIANA,53.2
255,2015,SULLIVAN,INDIANA,49.2
256,2015,VANDERBURGH,INDIANA,53.5
257,2015,WARRICK,INDIANA,50.3
258,2015,CLAY,INDIANA,50.4
259,2015,FOUNTAIN,INDIANA,53.4
260,2015,MONTGOMERY,INDIANA,53.7
261,2015,OWEN,INDIANA,45.1
262,2015,PARKE,INDIANA,51.1
263,2015,PUTNAM,INDIANA,55.1
264,2015,TIPPECANOE,INDIANA,50.1
265,2015,VERMILLION,INDIANA,54.5
266,2015,VIGO,INDIANA,49.2
267,2015,WARREN,INDIANA,58.5
268,2015,BOONE,IOWA,53.7
269,2015,DALLAS,IOWA,55.1
270,2015,GRUNDY,IOWA,60.5
271,2015,HAMILTON,IOWA,54.3
272,2015,HARDIN,IOWA,55.6
273,2015,JASPER,IOWA,57.9
274,2015,MARSHALL,IOWA,59.4
275,2015,POLK,IOWA,52.4
276,2015,POWESHIEK,IOWA,56.3
277,2015,STORY,IOWA,51.0
278,2015,TAMA,IOWA,57.9
279,2015,WEBSTER,IOWA,54.9
280,2015,BENTON,IOWA,56.5
281,2015,CEDAR,IOWA,56.9
282,2015,CLINTON,IOWA,59.2
283,2015,IOWA,IOWA,56.2
284,2015,JACKSON,IOWA,58.3
285,2015,JOHNSON,IOWA,55.4
286,2015,JONES,IOWA,55.2
287,2015,LINN,IOWA,56.2
288,2015,MUSCATINE,IOWA,56.2
289,2015,SCOTT,IOWA,61.1
290,2015,BUTLER,IOWA,57.7
291,2015,CERRO GORDO,IOWA,58.9
292,2015,FLOYD,IOWA,58.0
293,2015,FRANKLIN,IOWA,57.8
294,2015,HANCOCK,IOWA,59.6
295,2015,HUMBOLDT,IOWA,56.6
296,2015,KOSSUTH,IOWA,61.0
297,2015,MITCHELL,IOWA,59.7
298,2015,WINNEBAGO,IOWA,59.4
299,2015,WORTH,IOWA,59.4
300,2015,WRIGHT,IOWA,59.0
301,2015,ALLAMAKEE,IOWA,54.1
302,2015,BLACK HAWK,IOWA,56.0
303,2015,BREMER,IOWA,59.4
304,2015,BUCHANAN,IOWA,57.7
305,2015,CHICKASAW,IOWA,55.6
306,2015,CLAYTON,IOWA,56.8
307,2015,DELAWARE,IOWA,56.8
308,2015,DUBUQUE,IOWA,59.1
309,2015,FAYETTE,IOWA,56.3
310,2015,HOWARD,IOWA,59.9
311,2015,WINNESHIEK,IOWA,55.6
312,2015,BUENA VISTA,IOWA,59.6
313,2015,CHEROKEE,IOWA,62.7
314,2015,CLAY,IOWA,60.7
315,2015,DICKINSON,IOWA,56.4
316,2015,EMMET,IOWA,58.1
317,2015,LYON,IOWA,61.1
318,2015,OSCEOLA,IOWA,59.8
319,2015,PALO ALTO,IOWA,59.5
320,2015,PLYMOUTH,IOWA,60.1
321,2015,POCAHONTAS,IOWA,58.0
322,2015,SIOUX,IOWA,64.1
323,2015,APPANOOSE,IOWA,48.2
324,2015,CLARKE,IOWA,41.3
325,2015,DECATUR,IOWA,46.4
326,2015,LUCAS,IOWA,49.1
327,2015,MADISON,IOWA,53.9
328,2015,MARION,IOWA,56.0
329,2015,MONROE,IOWA,50.9
330,2015,RINGGOLD,IOWA,43.2
331,2015,UNION,IOWA,46.7
332,2015,WARREN,IOWA,53.6
333,2015,WAYNE,IOWA,45.0
334,2015,DAVIS,IOWA,48.9
335,2015,DES MOINES,IOWA,54.5
336,2015,HENRY,IOWA,55.8
337,2015,JEFFERSON,IOWA,50.1
338,2015,KEOKUK,IOWA,53.4
339,2015,LEE,IOWA,47.0
340,2015,LOUISA,IOWA,57.5
341,2015,MAHASKA,IOWA,55.6
342,2015,VAN BUREN,IOWA,46.1
343,2015,WAPELLO,IOWA,48.5
344,2015,WASHINGTON,IOWA,58.9
345,2015,ADAIR,IOWA,55.1
346,2015,ADAMS,IOWA,50.3
347,2015,CASS,IOWA,57.2
348,2015,FREMONT,IOWA,52.1
349,2015,MONTGOMERY,IOWA,51.0
350,2015,PAGE,IOWA,49.8
351,2015,POTTAWATTAMIE,IOWA,58.5
352,2015,AUDUBON,IOWA,57.8
353,2015,CALHOUN,IOWA,55.2
354,2015,CARROLL,IOWA,58.0
355,2015,CRAWFORD,IOWA,58.5
356,2015,GREENE,IOWA,53.6
357,2015,GUTHRIE,IOWA,54.4
358,2015,HARRISON,IOWA,52.1
359,2015,IDA,IOWA,60.2
360,2015,MONONA,IOWA,52.4
361,2015,SAC,IOWA,60.7
362,2015,SHELBY,IOWA,57.2
363,2015,WOODBURY,IOWA,56.4
364,2015,BARTON,KANSAS,30.8
365,2015,DICKINSON,KANSAS,37.4
366,2015,MARION,KANSAS,34.1
367,2015,MCPHERSON,KANSAS,34.3
368,2015,RICE,KANSAS,33.6
369,2015,RUSH,KANSAS,37.4
370,2015,SALINE,KANSAS,35.2
371,2015,ANDERSON,KANSAS,40.9
372,2015,DOUGLAS,KANSAS,41.3
373,2015,FRANKLIN,KANSAS,38.3
374,2015,GEARY,KANSAS,45.5
375,2015,LINN,KANSAS,32.6
376,2015,LYON,KANSAS,33.2
377,2015,MIAMI,KANSAS,42.4
378,2015,MORRIS,KANSAS,35.8
379,2015,OSAGE,KANSAS,38.3
380,2015,CLAY,KANSAS,44.6
381,2015,JEWELL,KANSAS,43.3
382,2015,OSBORNE,KANSAS,30.8
383,2015,OTTAWA,KANSAS,31.3
384,2015,PHILLIPS,KANSAS,23.7
385,2015,REPUBLIC,KANSAS,45.8
386,2015,SMITH,KANSAS,35.2
387,2015,WASHINGTON,KANSAS,38.6
388,2015,ATCHISON,KANSAS,38.9
389,2015,BROWN,KANSAS,46.5
390,2015,JACKSON,KANSAS,34.3
391,2015,JEFFERSON,KANSAS,43.4
392,2015,LEAVENWORTH,KANSAS,33.7
393,2015,MARSHALL,KANSAS,35.6
394,2015,NEMAHA,KANSAS,31.4
395,2015,POTTAWATOMIE,KANSAS,41.6
396,2015,CHEYENNE,KANSAS,58.0
397,2015,DECATUR,KANSAS,41.3
398,2015,SHERMAN,KANSAS,60.2
399,2015,HARPER,KANSAS,28.9
400,2015,HARVEY,KANSAS,37.7
401,2015,RENO,KANSAS,35.6
402,2015,SEDGWICK,KANSAS,43.8
403,2015,SUMNER,KANSAS,31.1
404,2015,BOURBON,KANSAS,30.6
405,2015,BUTLER,KANSAS,41.0
406,2015,CHAUTAUQUA,KANSAS,36.3
407,2015,CHEROKEE,KANSAS,41.3
408,2015,COWLEY,KANSAS,35.1
409,2015,ELK,KANSAS,27.7
410,2015,GREENWOOD,KANSAS,32.3
411,2015,LABETTE,KANSAS,36.9
412,2015,MONTGOMERY,KANSAS,36.0
413,2015,NEOSHO,KANSAS,36.2
414,2015,HODGEMAN,KANSAS,65.5
415,2015,MEADE,KANSAS,64.6
416,2015,GOVE,KANSAS,46.8
417,2015,SCOTT,KANSAS,62.5
418,2015,BATH,KENTUCKY,43.3
419,2015,BOURBON,KENTUCKY,47.6
420,2015,BOYLE,KENTUCKY,49.3
421,2015,CLARK,KENTUCKY,50.2
422,2015,FAYETTE,KENTUCKY,54.2
423,2015,FLEMING,KENTUCKY,44.5
424,2015,FRANKLIN,KENTUCKY,54.3
425,2015,JESSAMINE,KENTUCKY,41.3
426,2015,LINCOLN,KENTUCKY,51.0
427,2015,MADISON,KENTUCKY,52.2
428,2015,MASON,KENTUCKY,52.4
429,2015,MERCER,KENTUCKY,47.5
430,2015,NICHOLAS,KENTUCKY,47.5
431,2015,SCOTT,KENTUCKY,50.9
432,2015,SHELBY,KENTUCKY,51.4
433,2015,SPENCER,KENTUCKY,51.7
434,2015,WASHINGTON,KENTUCKY,47.8
435,2015,WOODFORD,KENTUCKY,52.5
436,2015,ADAIR,KENTUCKY,54.9
437,2015,ALLEN,KENTUCKY,46.3
438,2015,BARREN,KENTUCKY,48.5
439,2015,BRECKINRIDGE,KENTUCKY,53.6
440,2015,BULLITT,KENTUCKY,40.6
441,2015,BUTLER,KENTUCKY,54.2
442,2015,CASEY,KENTUCKY,53.4
443,2015,CUMBERLAND,KENTUCKY,58.4
444,2015,EDMONSON,KENTUCKY,41.0
445,2015,GRAYSON,KENTUCKY,48.6
446,2015,GREEN,KENTUCKY,50.2
447,2015,HARDIN,KENTUCKY,53.5
448,2015,HART,KENTUCKY,50.5
449,2015,LARUE,KENTUCKY,50.5
450,2015,MARION,KENTUCKY,51.1
451,2015,MEADE,KENTUCKY,52.0
452,2015,METCALFE,KENTUCKY,46.4
453,2015,MONROE,KENTUCKY,50.0
454,2015,NELSON,KENTUCKY,47.4
455,2015,RUSSELL,KENTUCKY,49.8
456,2015,TAYLOR,KENTUCKY,51.6
457,2015,WARREN,KENTUCKY,43.9
458,2015,GREENUP,KENTUCKY,44.8
459,2015,LEWIS,KENTUCKY,47.2
460,2015,PULASKI,KENTUCKY,52.9
461,2015,ROWAN,KENTUCKY,31.1
462,2015,WAYNE,KENTUCKY,49.7
463,2015,CALDWELL,KENTUCKY,47.6
464,2015,CHRISTIAN,KENTUCKY,47.0
465,2015,CRITTENDEN,KENTUCKY,45.7
466,2015,DAVIESS,KENTUCKY,52.6
467,2015,HANCOCK,KENTUCKY,49.3
468,2015,HENDERSON,KENTUCKY,53.8
469,2015,LOGAN,KENTUCKY,42.5
470,2015,MCLEAN,KENTUCKY,49.9
471,2015,OHIO,KENTUCKY,52.2
472,2015,SIMPSON,KENTUCKY,34.6
473,2015,TODD,KENTUCKY,47.3
474,2015,UNION,KENTUCKY,50.9
475,2015,WEBSTER,KENTUCKY,54.3
476,2015,BOONE,KENTUCKY,50.6
477,2015,BRACKEN,KENTUCKY,44.4
478,2015,GRANT,KENTUCKY,50.8
479,2015,HENRY,KENTUCKY,41.9
480,2015,OLDHAM,KENTUCKY,49.0
481,2015,OWEN,KENTUCKY,48.8
482,2015,PENDLETON,KENTUCKY,53.8
483,2015,TRIMBLE,KENTUCKY,42.5
484,2015,BALLARD,KENTUCKY,50.3
485,2015,CALLOWAY,KENTUCKY,45.2
486,2015,CARLISLE,KENTUCKY,52.4
487,2015,FULTON,KENTUCKY,51.6
488,2015,GRAVES,KENTUCKY,51.4
489,2015,HICKMAN,KENTUCKY,47.7
490,2015,LYON,KENTUCKY,41.7
491,2015,TRIGG,KENTUCKY,50.0
492,2015,AVOYELLES,LOUISIANA,37.5
493,2015,CATAHOULA,LOUISIANA,34.8
494,2015,CONCORDIA,LOUISIANA,41.4
495,2015,EVANGELINE,LOUISIANA,26.0
496,2015,GRANT,LOUISIANA,20.2
497,2015,POINTE COUPEE,LOUISIANA,41.2
498,2015,RAPIDES,LOUISIANA,30.5
499,2015,WASHINGTON,LOUISIANA,20.8
500,2015,OUACHITA,LOUISIANA,47.1
501,2015,EAST CARROLL,LOUISIANA,54.6
502,2015,FRANKLIN,LOUISIANA,49.1
503,2015,MADISON,LOUISIANA,44.9
504,2015,MOREHOUSE,LOUISIANA,50.3
505,2015,RICHLAND,LOUISIANA,40.2
506,2015,TENSAS,LOUISIANA,42.5
507,2015,WEST CARROLL,LOUISIANA,53.9
508,2015,BOSSIER,LOUISIANA,21.2
509,2015,CADDO,LOUISIANA,38.2
510,2015,IBERIA,LOUISIANA,42.5
511,2015,IBERVILLE,LOUISIANA,49.0
512,2015,ACADIA,LOUISIANA,28.0
513,2015,ALLEN,LOUISIANA,21.7
514,2015,CALCASIEU,LOUISIANA,28.3
515,2015,JEFFERSON DAVIS,LOUISIANA,20.0
516,2015,VERMILION,LOUISIANA,34.5
517,2015,NATCHITOCHES,LOUISIANA,26.9
518,2015,DORCHESTER,MARYLAND,43.6
519,2015,SOMERSET,MARYLAND,39.3
520,2015,WICOMICO,MARYLAND,37.3
521,2015,WORCESTER,MARYLAND,36.5
522,2015,BALTIMORE,MARYLAND,49.2
523,2015,BALTIMORE,MARYLAND,49.2
524,2015,CARROLL,MARYLAND,41.9
525,2015,FREDERICK,MARYLAND,41.6
526,2015,HARFORD,MARYLAND,47.1
527,2015,MONTGOMERY,MARYLAND,32.5
528,2015,ANNE ARUNDEL,MARYLAND,32.6
529,2015,CALVERT,MARYLAND,31.8
530,2015,CHARLES,MARYLAND,26.6
531,2015,CAROLINE,MARYLAND,37.4
532,2015,KENT,MARYLAND,47.0
533,2015,GLADWIN,MICHIGAN,45.4
534,2015,GRATIOT,MICHIGAN,53.0
535,2015,ISABELLA,MICHIGAN,45.4
536,2015,MECOSTA,MICHIGAN,38.3
537,2015,MIDLAND,MICHIGAN,49.1
538,2015,MONTCALM,MICHIGAN,44.4
539,2015,ARENAC,MICHIGAN,45.1
540,2015,BAY,MICHIGAN,54.2
541,2015,HURON,MICHIGAN,52.6
542,2015,SAGINAW,MICHIGAN,52.1
543,2015,SANILAC,MICHIGAN,52.5
544,2015,TUSCOLA,MICHIGAN,55.2
545,2015,BARRY,MICHIGAN,45.9
546,2015,BRANCH,MICHIGAN,46.7
547,2015,CALHOUN,MICHIGAN,44.5
548,2015,CLINTON,MICHIGAN,52.3
549,2015,EATON,MICHIGAN,48.6
550,2015,HILLSDALE,MICHIGAN,46.8
551,2015,INGHAM,MICHIGAN,50.1
552,2015,IONIA,MICHIGAN,52.7
553,2015,JACKSON,MICHIGAN,44.1
554,2015,SHIAWASSEE,MICHIGAN,52.3
555,2015,GENESEE,MICHIGAN,46.0
556,2015,LAPEER,MICHIGAN,50.2
557,2015,LENAWEE,MICHIGAN,48.7
558,2015,LIVINGSTON,MICHIGAN,47.6
559,2015,MACOMB,MICHIGAN,43.3
560,2015,MONROE,MICHIGAN,46.6
561,2015,OAKLAND,MICHIGAN,46.0
562,2015,WASHTENAW,MICHIGAN,44.8
563,2015,WAYNE,MICHIGAN,43.7
564,2015,ALLEGAN,MICHIGAN,45.9
565,2015,CASS,MICHIGAN,50.1
566,2015,KALAMAZOO,MICHIGAN,52.5
567,2015,KENT,MICHIGAN,49.8
568,2015,MASON,MICHIGAN,47.2
569,2015,MUSKEGON,MICHIGAN,44.5
570,2015,NEWAYGO,MICHIGAN,41.1
571,2015,BENTON,MINNESOTA,47.3
572,2015,CARVER,MINNESOTA,58.5
573,2015,KANDIYOHI,MINNESOTA,54.0
574,2015,MCLEOD,MINNESOTA,52.5
575,2015,MEEKER,MINNESOTA,51.0
576,2015,MORRISON,MINNESOTA,51.0
577,2015,RENVILLE,MINNESOTA,55.3
578,2015,SCOTT,MINNESOTA,57.9
579,2015,SIBLEY,MINNESOTA,55.7
580,2015,STEARNS,MINNESOTA,52.4
581,2015,TODD,MINNESOTA,47.8
582,2015,WRIGHT,MINNESOTA,55.6
583,2015,AITKIN,MINNESOTA,32.0
584,2015,ANOKA,MINNESOTA,42.5
585,2015,CHISAGO,MINNESOTA,45.8
586,2015,HENNEPIN,MINNESOTA,54.8
587,2015,ISANTI,MINNESOTA,43.8
588,2015,MILLE LACS,MINNESOTA,48.3
589,2015,PINE,MINNESOTA,49.1
590,2015,WASHINGTON,MINNESOTA,53.6
591,2015,CLAY,MINNESOTA,40.6
592,2015,KITTSON,MINNESOTA,31.8
593,2015,MAHNOMEN,MINNESOTA,37.2
594,2015,MARSHALL,MINNESOTA,32.4
595,2015,NORMAN,MINNESOTA,40.0
596,2015,PENNINGTON,MINNESOTA,35.2
597,2015,POLK,MINNESOTA,35.6
598,2015,RED LAKE,MINNESOTA,35.5
599,2015,ROSEAU,MINNESOTA,30.9
600,2015,BLUE EARTH,MINNESOTA,59.8
601,2015,BROWN,MINNESOTA,56.5
602,2015,FARIBAULT,MINNESOTA,61.3
603,2015,FREEBORN,MINNESOTA,58.6
604,2015,LE SUEUR,MINNESOTA,56.2
605,2015,MARTIN,MINNESOTA,61.7
606,2015,NICOLLET,MINNESOTA,60.1
607,2015,RICE,MINNESOTA,56.8
608,2015,STEELE,MINNESOTA,58.0
609,2015,WASECA,MINNESOTA,60.1
610,2015,WATONWAN,MINNESOTA,59.0
611,2015,DAKOTA,MINNESOTA,53.9
612,2015,DODGE,MINNESOTA,60.6
613,2015,FILLMORE,MINNESOTA,56.3
614,2015,GOODHUE,MINNESOTA,58.1
615,2015,MOWER,MINNESOTA,58.2
616,2015,OLMSTED,MINNESOTA,54.5
617,2015,WINONA,MINNESOTA,55.9
618,2015,COTTONWOOD,MINNESOTA,56.8
619,2015,JACKSON,MINNESOTA,56.7
620,2015,LYON,MINNESOTA,54.7
621,2015,MURRAY,MINNESOTA,55.4
622,2015,NOBLES,MINNESOTA,57.1
623,2015,REDWOOD,MINNESOTA,54.5
624,2015,ROCK,MINNESOTA,58.2
625,2015,BIG STONE,MINNESOTA,46.9
626,2015,CHIPPEWA,MINNESOTA,50.3
627,2015,DOUGLAS,MINNESOTA,47.4
628,2015,GRANT,MINNESOTA,47.4
629,2015,LAC QUI PARLE,MINNESOTA,50.5
630,2015,OTTER TAIL,MINNESOTA,43.9
631,2015,POPE,MINNESOTA,49.5
632,2015,STEVENS,MINNESOTA,47.3
633,2015,SWIFT,MINNESOTA,49.6
634,2015,TRAVERSE,MINNESOTA,45.6
635,2015,WILKIN,MINNESOTA,40.2
636,2015,YELLOW MEDICINE,MINNESOTA,53.1
637,2015,ATTALA,MISSISSIPPI,24.4
638,2015,CARROLL,MISSISSIPPI,48.6
639,2015,HOLMES,MISSISSIPPI,44.1
640,2015,MADISON,MISSISSIPPI,27.0
641,2015,MONTGOMERY,MISSISSIPPI,28.9
642,2015,RANKIN,MISSISSIPPI,33.3
643,2015,SCOTT,MISSISSIPPI,30.5
644,2015,WEBSTER,MISSISSIPPI,35.3
645,2015,CHICKASAW,MISSISSIPPI,33.7
646,2015,CLAY,MISSISSIPPI,44.3
647,2015,LOWNDES,MISSISSIPPI,32.4
648,2015,MONROE,MISSISSIPPI,35.5
649,2015,NOXUBEE,MISSISSIPPI,40.4
650,2015,HUMPHREYS,MISSISSIPPI,47.8
651,2015,ISSAQUENA,MISSISSIPPI,45.0
652,2015,LEFLORE,MISSISSIPPI,54.9
653,2015,SHARKEY,MISSISSIPPI,55.5
654,2015,SUNFLOWER,MISSISSIPPI,49.8
655,2015,WASHINGTON,MISSISSIPPI,56.4
656,2015,YAZOO,MISSISSIPPI,43.7
657,2015,BENTON,MISSISSIPPI,43.1
658,2015,CALHOUN,MISSISSIPPI,36.5
659,2015,GRENADA,MISSISSIPPI,30.1
660,2015,LAFAYETTE,MISSISSIPPI,37.5
661,2015,MARSHALL,MISSISSIPPI,33.9
662,2015,PANOLA,MISSISSIPPI,42.6
663,2015,TATE,MISSISSIPPI,38.2
664,2015,YALOBUSHA,MISSISSIPPI,36.1
665,2015,ALCORN,MISSISSIPPI,40.8
666,2015,ITAWAMBA,MISSISSIPPI,38.9
667,2015,LEE,MISSISSIPPI,38.5
668,2015,PONTOTOC,MISSISSIPPI,31.6
669,2015,PRENTISS,MISSISSIPPI,31.7
670,2015,TIPPAH,MISSISSIPPI,42.3
671,2015,TISHOMINGO,MISSISSIPPI,37.7
672,2015,UNION,MISSISSIPPI,38.8
673,2015,SMITH,MISSISSIPPI,35.5
674,2015,WALTHALL,MISSISSIPPI,13.8
675,2015,NEWTON,MISSISSIPPI,44.3
676,2015,HINDS,MISSISSIPPI,37.7
677,2015,JEFFERSON,MISSISSIPPI,55.0
678,2015,WARREN,MISSISSIPPI,36.2
679,2015,BOLIVAR,MISSISSIPPI,53.0
680,2015,COAHOMA,MISSISSIPPI,44.9
681,2015,QUITMAN,MISSISSIPPI,40.3
682,2015,TALLAHATCHIE,MISSISSIPPI,46.1
683,2015,TUNICA,MISSISSIPPI,39.5
684,2015,BOONE,MISSOURI,39.8
685,2015,COLE,MISSOURI,43.2
686,2015,DALLAS,MISSOURI,42.6
687,2015,LACLEDE,MISSOURI,32.5
688,2015,MARIES,MISSOURI,35.7
689,2015,MILLER,MISSOURI,41.3
690,2015,MORGAN,MISSOURI,36.7
691,2015,OSAGE,MISSOURI,39.5
692,2015,PETTIS,MISSOURI,34.5
693,2015,POLK,MISSOURI,41.0
694,2015,SALINE,MISSOURI,49.2
695,2015,CRAWFORD,MISSOURI,35.7
696,2015,FRANKLIN,MISSOURI,48.2
697,2015,GASCONADE,MISSOURI,39.6
698,2015,JEFFERSON,MISSOURI,42.7
699,2015,PERRY,MISSOURI,48.5
700,2015,CARROLL,MISSOURI,37.3
701,2015,CHARITON,MISSOURI,31.6
702,2015,LIVINGSTON,MISSOURI,32.2
703,2015,PUTNAM,MISSOURI,37.7
704,2015,SULLIVAN,MISSOURI,30.6
705,2015,AUDRAIN,MISSOURI,27.9
706,2015,LEWIS,MISSOURI,40.5
707,2015,RALLS,MISSOURI,33.2
708,2015,BUCHANAN,MISSOURI,42.7
709,2015,CALDWELL,MISSOURI,35.5
710,2015,CLINTON,MISSOURI,36.9
711,2015,DAVIESS,MISSOURI,39.9
712,2015,NODAWAY,MISSOURI,40.3
713,2015,PLATTE,MISSOURI,42.6
714,2015,WORTH,MISSOURI,38.2
715,2015,WAYNE,MISSOURI,41.0
716,2015,WEBSTER,MISSOURI,36.4
717,2015,CAPE GIRARDEAU,MISSOURI,46.5
718,2015,DUNKLIN,MISSOURI,42.8
719,2015,NEW MADRID,MISSOURI,42.2
720,2015,PEMISCOT,MISSOURI,41.0
721,2015,SCOTT,MISSOURI,43.0
722,2015,STODDARD,MISSOURI,50.2
723,2015,BARRY,MISSOURI,42.3
724,2015,BARTON,MISSOURI,38.8
725,2015,DADE,MISSOURI,35.6
726,2015,GREENE,MISSOURI,45.8
727,2015,JASPER,MISSOURI,34.7
728,2015,LAWRENCE,MISSOURI,40.5
729,2015,NEWTON,MISSOURI,41.8
730,2015,BATES,MISSOURI,34.4
731,2015,CASS,MISSOURI,39.0
732,2015,JOHNSON,MISSOURI,33.9
733,2015,LAFAYETTE,MISSOURI,44.1
734,2015,VERNON,MISSOURI,35.1
735,2015,BUFFALO,NEBRASKA,64.7
736,2015,CUSTER,NEBRASKA,61.3
737,2015,DAWSON,NEBRASKA,72.2
738,2015,GREELEY,NEBRASKA,58.0
739,2015,HALL,NEBRASKA,66.5
740,2015,HOWARD,NEBRASKA,58.4
741,2015,BUTLER,NEBRASKA,61.1
742,2015,CASS,NEBRASKA,53.7
743,2015,COLFAX,NEBRASKA,62.0
744,2015,DODGE,NEBRASKA,60.3
745,2015,DOUGLAS,NEBRASKA,56.1
746,2015,HAMILTON,NEBRASKA,63.6
747,2015,LANCASTER,NEBRASKA,51.6
748,2015,MERRICK,NEBRASKA,63.6
749,2015,NANCE,NEBRASKA,61.0
750,2015,PLATTE,NEBRASKA,63.0
751,2015,POLK,NEBRASKA,63.8
752,2015,SAUNDERS,NEBRASKA,57.8
753,2015,SEWARD,NEBRASKA,60.6
754,2015,YORK,NEBRASKA,65.8
755,2015,BOYD,NEBRASKA,50.5
756,2015,GARFIELD,NEBRASKA,59.1
757,2015,HOLT,NEBRASKA,66.9
758,2015,KEYA PAHA,NEBRASKA,56.6
759,2015,LOUP,NEBRASKA,61.7
760,2015,ANTELOPE,NEBRASKA,61.7
761,2015,BOONE,NEBRASKA,58.5
762,2015,BURT,NEBRASKA,56.3
763,2015,CEDAR,NEBRASKA,59.0
764,2015,CUMING,NEBRASKA,59.6
765,2015,DIXON,NEBRASKA,59.5
766,2015,KNOX,NEBRASKA,58.5
767,2015,MADISON,NEBRASKA,57.8
768,2015,PIERCE,NEBRASKA,56.6
769,2015,STANTON,NEBRASKA,57.5
770,2015,WAYNE,NEBRASKA,58.8
771,2015,CHEYENNE,NEBRASKA,34.9
772,2015,ADAMS,NEBRASKA,66.0
773,2015,FRANKLIN,NEBRASKA,57.0
774,2015,FURNAS,NEBRASKA,57.8
775,2015,GOSPER,NEBRASKA,63.6
776,2015,HARLAN,NEBRASKA,61.0
777,2015,KEARNEY,NEBRASKA,65.2
778,2015,PHELPS,NEBRASKA,70.2
779,2015,WEBSTER,NEBRASKA,46.7
780,2015,CLAY,NEBRASKA,64.5
781,2015,FILLMORE,NEBRASKA,62.3
782,2015,GAGE,NEBRASKA,46.8
783,2015,JEFFERSON,NEBRASKA,50.3
784,2015,JOHNSON,NEBRASKA,45.7
785,2015,NEMAHA,NEBRASKA,49.3
786,2015,NUCKOLLS,NEBRASKA,52.9
787,2015,OTOE,NEBRASKA,49.6
788,2015,PAWNEE,NEBRASKA,33.8
789,2015,RICHARDSON,NEBRASKA,44.4
790,2015,SALINE,NEBRASKA,49.7
791,2015,THAYER,NEBRASKA,55.9
792,2015,FRONTIER,NEBRASKA,57.3
793,2015,KEITH,NEBRASKA,61.0
794,2015,LINCOLN,NEBRASKA,61.3
795,2015,PERKINS,NEBRASKA,61.9
796,2015,RED WILLOW,NEBRASKA,62.7
797,2015,BURLINGTON,NEW JERSEY,31.0
798,2015,MIDDLESEX,NEW JERSEY,33.8
799,2015,MONMOUTH,NEW JERSEY,29.6
800,2015,HUNTERDON,NEW JERSEY,37.5
801,2015,SOMERSET,NEW JERSEY,22.4
802,2015,WARREN,NEW JERSEY,47.8
803,2015,CUMBERLAND,NEW JERSEY,30.8
804,2015,SALEM,NEW JERSEY,30.3
805,2015,CAYUGA,NEW YORK,45.1
806,2015,HERKIMER,NEW YORK,45.4
807,2015,MADISON,NEW YORK,31.2
808,2015,ONEIDA,NEW YORK,43.4
809,2015,ONONDAGA,NEW YORK,41.8
810,2015,OTSEGO,NEW YORK,40.9
811,2015,JEFFERSON,NEW YORK,29.0
812,2015,LEWIS,NEW YORK,25.0
813,2015,COLUMBIA,NEW YORK,51.6
814,2015,CHEMUNG,NEW YORK,38.6
815,2015,TOMPKINS,NEW YORK,35.3
816,2015,ALLEGANY,NEW YORK,35.0
817,2015,CATTARAUGUS,NEW YORK,37.5
818,2015,CHAUTAUQUA,NEW YORK,35.4
819,2015,STEUBEN,NEW YORK,40.8
820,2015,ERIE,NEW YORK,36.9
821,2015,GENESEE,NEW YORK,47.7
822,2015,LIVINGSTON,NEW YORK,43.7
823,2015,MONROE,NEW YORK,51.5
824,2015,NIAGARA,NEW YORK,39.0
825,2015,ONTARIO,NEW YORK,45.8
826,2015,ORLEANS,NEW YORK,40.6
827,2015,SENECA,NEW YORK,40.7
828,2015,WAYNE,NEW YORK,46.9
829,2015,WYOMING,NEW YORK,46.6
830,2015,YATES,NEW YORK,48.7
831,2015,BEAUFORT,NORTH CAROLINA,38.0
832,2015,CRAVEN,NORTH CAROLINA,34.6
833,2015,GREENE,NORTH CAROLINA,36.0
834,2015,HYDE,NORTH CAROLINA,41.3
835,2015,JOHNSTON,NORTH CAROLINA,24.6
836,2015,JONES,NORTH CAROLINA,37.2
837,2015,LENOIR,NORTH CAROLINA,34.8
838,2015,PITT,NORTH CAROLINA,30.2
839,2015,WAYNE,NORTH CAROLINA,34.4
840,2015,WILSON,NORTH CAROLINA,28.0
841,2015,CATAWBA,NORTH CAROLINA,21.8
842,2015,DAVIDSON,NORTH CAROLINA,30.5
843,2015,DAVIE,NORTH CAROLINA,33.1
844,2015,IREDELL,NORTH CAROLINA,28.8
845,2015,LEE,NORTH CAROLINA,17.6
846,2015,RANDOLPH,NORTH CAROLINA,29.2
847,2015,ROWAN,NORTH CAROLINA,19.7
848,2015,WAKE,NORTH CAROLINA,18.3
849,2015,BERTIE,NORTH CAROLINA,32.5
850,2015,CAMDEN,NORTH CAROLINA,38.7
851,2015,CHOWAN,NORTH CAROLINA,39.9
852,2015,CURRITUCK,NORTH CAROLINA,39.2
853,2015,EDGECOMBE,NORTH CAROLINA,26.7
854,2015,GATES,NORTH CAROLINA,35.7
855,2015,HALIFAX,NORTH CAROLINA,35.0
856,2015,HERTFORD,NORTH CAROLINA,30.3
857,2015,MARTIN,NORTH CAROLINA,30.0
858,2015,NASH,NORTH CAROLINA,23.5
859,2015,NORTHAMPTON,NORTH CAROLINA,30.9
860,2015,PERQUIMANS,NORTH CAROLINA,40.1
861,2015,WASHINGTON,NORTH CAROLINA,42.5
862,2015,YADKIN,NORTH CAROLINA,34.5
863,2015,ALAMANCE,NORTH CAROLINA,33.3
864,2015,CASWELL,NORTH CAROLINA,24.9
865,2015,FORSYTH,NORTH CAROLINA,29.7
866,2015,FRANKLIN,NORTH CAROLINA,17.8
867,2015,GRANVILLE,NORTH CAROLINA,29.8
868,2015,ORANGE,NORTH CAROLINA,32.4
869,2015,PERSON,NORTH CAROLINA,30.8
870,2015,ROCKINGHAM,NORTH CAROLINA,28.7
871,2015,STOKES,NORTH CAROLINA,32.6
872,2015,VANCE,NORTH CAROLINA,27.1
873,2015,WARREN,NORTH CAROLINA,28.8
874,2015,BLADEN,NORTH CAROLINA,32.6
875,2015,COLUMBUS,NORTH CAROLINA,27.6
876,2015,CUMBERLAND,NORTH CAROLINA,31.2
877,2015,DUPLIN,NORTH CAROLINA,36.4
878,2015,HARNETT,NORTH CAROLINA,26.6
879,2015,ONSLOW,NORTH CAROLINA,33.8
880,2015,ROBESON,NORTH CAROLINA,26.0
881,2015,SAMPSON,NORTH CAROLINA,35.4
882,2015,SCOTLAND,NORTH CAROLINA,21.8
883,2015,ANSON,NORTH CAROLINA,25.9
884,2015,CABARRUS,NORTH CAROLINA,18.8
885,2015,CLEVELAND,NORTH CAROLINA,16.4
886,2015,LINCOLN,NORTH CAROLINA,19.3
887,2015,MONTGOMERY,NORTH CAROLINA,31.9
888,2015,MOORE,NORTH CAROLINA,24.0
889,2015,RICHMOND,NORTH CAROLINA,25.1
890,2015,STANLY,NORTH CAROLINA,28.1
891,2015,UNION,NORTH CAROLINA,31.5
892,2015,RUTHERFORD,NORTH CAROLINA,23.5
893,2015,EDDY,NORTH DAKOTA,25.9
894,2015,FOSTER,NORTH DAKOTA,29.7
895,2015,KIDDER,NORTH DAKOTA,27.2
896,2015,SHERIDAN,NORTH DAKOTA,25.3
897,2015,STUTSMAN,NORTH DAKOTA,31.3
898,2015,WELLS,NORTH DAKOTA,27.6
899,2015,BARNES,NORTH DAKOTA,34.7
900,2015,CASS,NORTH DAKOTA,39.7
901,2015,GRIGGS,NORTH DAKOTA,34.5
902,2015,STEELE,NORTH DAKOTA,37.2
903,2015,TRAILL,NORTH DAKOTA,38.0
904,2015,BENSON,NORTH DAKOTA,25.5
905,2015,BOTTINEAU,NORTH DAKOTA,31.6
906,2015,MCHENRY,NORTH DAKOTA,28.6
907,2015,PIERCE,NORTH DAKOTA,26.9
908,2015,ROLETTE,NORTH DAKOTA,25.6
909,2015,CAVALIER,NORTH DAKOTA,26.6
910,2015,GRAND FORKS,NORTH DAKOTA,33.6
911,2015,NELSON,NORTH DAKOTA,28.1
912,2015,PEMBINA,NORTH DAKOTA,36.6
913,2015,RAMSEY,NORTH DAKOTA,24.9
914,2015,TOWNER,NORTH DAKOTA,29.3
915,2015,WALSH,NORTH DAKOTA,30.4
916,2015,MOUNTRAIL,NORTH DAKOTA,29.4
917,2015,RENVILLE,NORTH DAKOTA,33.3
918,2015,WARD,NORTH DAKOTA,32.3
919,2015,EMMONS,NORTH DAKOTA,34.6
920,2015,DICKEY,NORTH DAKOTA,33.5
921,2015,RANSOM,NORTH DAKOTA,38.0
922,2015,RICHLAND,NORTH DAKOTA,38.0
923,2015,SARGENT,NORTH DAKOTA,35.8
924,2015,DELAWARE,OHIO,47.4
925,2015,FAIRFIELD,OHIO,54.9
926,2015,FAYETTE,OHIO,56.2
927,2015,FRANKLIN,OHIO,47.6
928,2015,KNOX,OHIO,50.7
929,2015,LICKING,OHIO,47.8
930,2015,MADISON,OHIO,54.7
931,2015,MARION,OHIO,50.6
932,2015,MORROW,OHIO,45.3
933,2015,PICKAWAY,OHIO,53.1
934,2015,ROSS,OHIO,57.4
935,2015,UNION,OHIO,52.9
936,2015,CARROLL,OHIO,25.1
937,2015,COSHOCTON,OHIO,48.5
938,2015,HARRISON,OHIO,41.3
939,2015,HOLMES,OHIO,45.2
940,2015,TUSCARAWAS,OHIO,45.5
941,2015,ASHLAND,OHIO,43.4
942,2015,CRAWFORD,OHIO,56.3
943,2015,ERIE,OHIO,51.2
944,2015,HURON,OHIO,52.7
945,2015,LORAIN,OHIO,46.9
946,2015,OTTAWA,OHIO,44.4
947,2015,RICHLAND,OHIO,48.2
948,2015,SANDUSKY,OHIO,49.3
949,2015,SENECA,OHIO,55.3
950,2015,WYANDOT,OHIO,52.7
951,2015,ASHTABULA,OHIO,31.4
952,2015,COLUMBIANA,OHIO,45.7
953,2015,GEAUGA,OHIO,33.4
954,2015,MAHONING,OHIO,36.8
955,2015,MEDINA,OHIO,36.5
956,2015,PORTAGE,OHIO,35.1
957,2015,STARK,OHIO,39.2
958,2015,TRUMBULL,OHIO,34.8
959,2015,WAYNE,OHIO,44.2
960,2015,ALLEN,OHIO,46.8
961,2015,DEFIANCE,OHIO,39.3
962,2015,FULTON,OHIO,51.4
963,2015,HANCOCK,OHIO,47.9
964,2015,HENRY,OHIO,48.9
965,2015,LUCAS,OHIO,48.0
966,2015,PAULDING,OHIO,42.2
967,2015,PUTNAM,OHIO,45.2
968,2015,VAN WERT,OHIO,40.5
969,2015,WILLIAMS,OHIO,48.7
970,2015,WOOD,OHIO,47.8
971,2015,ADAMS,OHIO,52.9
972,2015,BROWN,OHIO,49.5
973,2015,GALLIA,OHIO,49.1
974,2015,HIGHLAND,OHIO,52.0
975,2015,JACKSON,OHIO,47.0
976,2015,LAWRENCE,OHIO,34.6
977,2015,PIKE,OHIO,49.8
978,2015,SCIOTO,OHIO,49.5
979,2015,ATHENS,OHIO,49.8
980,2015,HOCKING,OHIO,47.9
981,2015,MUSKINGUM,OHIO,52.2
982,2015,VINTON,OHIO,37.8
983,2015,WASHINGTON,OHIO,50.4
984,2015,BUTLER,OHIO,45.1
985,2015,CLERMONT,OHIO,46.6
986,2015,CLINTON,OHIO,56.8
987,2015,GREENE,OHIO,59.9
988,2015,HAMILTON,OHIO,59.7
989,2015,MONTGOMERY,OHIO,54.1
990,2015,PREBLE,OHIO,54.0
991,2015,WARREN,OHIO,55.3
992,2015,AUGLAIZE,OHIO,52.1
993,2015,CHAMPAIGN,OHIO,56.1
994,2015,CLARK,OHIO,56.0
995,2015,DARKE,OHIO,56.3
996,2015,HARDIN,OHIO,46.5
997,2015,LOGAN,OHIO,51.0
998,2015,MERCER,OHIO,49.2
999,2015,MIAMI,OHIO,56.6
1000,2015,SHELBY,OHIO,52.2
1001,2015,CANADIAN,OKLAHOMA,24.2
1002,2015,GRADY,OKLAHOMA,24.9
1003,2015,KINGFISHER,OKLAHOMA,32.8
1004,2015,LINCOLN,OKLAHOMA,23.4
1005,2015,OKLAHOMA,OKLAHOMA,26.2
1006,2015,PAYNE,OKLAHOMA,18.9
1007,2015,MCINTOSH,OKLAHOMA,14.1
1008,2015,MUSKOGEE,OKLAHOMA,33.0
1009,2015,SEQUOYAH,OKLAHOMA,37.0
1010,2015,ALFALFA,OKLAHOMA,29.0
1011,2015,GARFIELD,OKLAHOMA,34.2
1012,2015,KAY,OKLAHOMA,27.9
1013,2015,NOBLE,OKLAHOMA,24.7
1014,2015,CRAIG,OKLAHOMA,44.5
1015,2015,DELAWARE,OKLAHOMA,40.9
1016,2015,MAYES,OKLAHOMA,27.0
1017,2015,NOWATA,OKLAHOMA,32.2
1018,2015,OSAGE,OKLAHOMA,25.7
1019,2015,OTTAWA,OKLAHOMA,42.2
1020,2015,PAWNEE,OKLAHOMA,23.3
1021,2015,ROGERS,OKLAHOMA,32.3
1022,2015,TULSA,OKLAHOMA,30.9
1023,2015,WAGONER,OKLAHOMA,27.8
1024,2015,WASHINGTON,OKLAHOMA,27.6
1025,2015,BLAIR,PENNSYLVANIA,45.8
1026,2015,CAMBRIA,PENNSYLVANIA,42.0
1027,2015,CENTRE,PENNSYLVANIA,51.1
1028,2015,COLUMBIA,PENNSYLVANIA,40.4
1029,2015,DAUPHIN,PENNSYLVANIA,43.1
1030,2015,HUNTINGDON,PENNSYLVANIA,43.8
1031,2015,JUNIATA,PENNSYLVANIA,42.7
1032,2015,MIFFLIN,PENNSYLVANIA,48.7
1033,2015,MONTOUR,PENNSYLVANIA,44.0
1034,2015,PERRY,PENNSYLVANIA,44.9
1035,2015,SNYDER,PENNSYLVANIA,42.5
1036,2015,UNION,PENNSYLVANIA,50.1
1037,2015,LEHIGH,PENNSYLVANIA,46.9
1038,2015,NORTHAMPTON,PENNSYLVANIA,51.7
1039,2015,SCHUYLKILL,PENNSYLVANIA,45.1
1040,2015,CRAWFORD,PENNSYLVANIA,30.1
1041,2015,ERIE,PENNSYLVANIA,29.6
1042,2015,MERCER,PENNSYLVANIA,39.4
1043,2015,ADAMS,PENNSYLVANIA,48.2
1044,2015,FRANKLIN,PENNSYLVANIA,40.3
1045,2015,FULTON,PENNSYLVANIA,29.2
1046,2015,YORK,PENNSYLVANIA,48.4
1047,2015,BERKS,PENNSYLVANIA,52.0
1048,2015,BUCKS,PENNSYLVANIA,47.3
1049,2015,CHESTER,PENNSYLVANIA,53.2
1050,2015,LANCASTER,PENNSYLVANIA,60.6
1051,2015,LEBANON,PENNSYLVANIA,56.1
1052,2015,FAYETTE,PENNSYLVANIA,25.5
1053,2015,SOMERSET,PENNSYLVANIA,34.3
1054,2015,WASHINGTON,PENNSYLVANIA,38.5
1055,2015,WESTMORELAND,PENNSYLVANIA,28.2
1056,2015,ARMSTRONG,PENNSYLVANIA,29.5
1057,2015,BEAVER,PENNSYLVANIA,38.7
1058,2015,BUTLER,PENNSYLVANIA,31.4
1059,2015,CLARION,PENNSYLVANIA,34.3
1060,2015,INDIANA,PENNSYLVANIA,29.6
1061,2015,JEFFERSON,PENNSYLVANIA,25.2
1062,2015,LAWRENCE,PENNSYLVANIA,40.2
1063,2015,CALHOUN,SOUTH CAROLINA,18.1
1064,2015,CLARENDON,SOUTH CAROLINA,29.5
1065,2015,LEE,SOUTH CAROLINA,20.3
1066,2015,LEXINGTON,SOUTH CAROLINA,16.5
1067,2015,ORANGEBURG,SOUTH CAROLINA,28.4
1068,2015,RICHLAND,SOUTH CAROLINA,18.7
1069,2015,SUMTER,SOUTH CAROLINA,26.2
1070,2015,CHESTERFIELD,SOUTH CAROLINA,25.9
1071,2015,DARLINGTON,SOUTH CAROLINA,23.4
1072,2015,DILLON,SOUTH CAROLINA,27.2
1073,2015,FLORENCE,SOUTH CAROLINA,28.3
1074,2015,GEORGETOWN,SOUTH CAROLINA,32.2
1075,2015,HORRY,SOUTH CAROLINA,22.1
1076,2015,MARION,SOUTH CAROLINA,30.5
1077,2015,MARLBORO,SOUTH CAROLINA,26.3
1078,2015,WILLIAMSBURG,SOUTH CAROLINA,26.3
1079,2015,KERSHAW,SOUTH CAROLINA,35.7
1080,2015,YORK,SOUTH CAROLINA,18.2
1081,2015,ANDERSON,SOUTH CAROLINA,30.0
1082,2015,OCONEE,SOUTH CAROLINA,37.6
1083,2015,SPARTANBURG,SOUTH CAROLINA,20.6
1084,2015,ALLENDALE,SOUTH CAROLINA,28.3
1085,2015,BAMBERG,SOUTH CAROLINA,34.7
1086,2015,BARNWELL,SOUTH CAROLINA,33.5
1087,2015,COLLETON,SOUTH CAROLINA,40.9
1088,2015,DORCHESTER,SOUTH CAROLINA,29.6
1089,2015,AIKEN,SOUTH CAROLINA,26.8
1090,2015,EDGEFIELD,SOUTH CAROLINA,24.6
1091,2015,NEWBERRY,SOUTH CAROLINA,30.6
1092,2015,AURORA,SOUTH DAKOTA,40.6
1093,2015,BEADLE,SOUTH DAKOTA,46.2
1094,2015,BRULE,SOUTH DAKOTA,50.5
1095,2015,HAND,SOUTH DAKOTA,47.8
1096,2015,JERAULD,SOUTH DAKOTA,49.2
1097,2015,SULLY,SOUTH DAKOTA,41.0
1098,2015,BROOKINGS,SOUTH DAKOTA,49.4
1099,2015,LAKE,SOUTH DAKOTA,49.0
1100,2015,MCCOOK,SOUTH DAKOTA,48.9
1101,2015,MINNEHAHA,SOUTH DAKOTA,56.9
1102,2015,MOODY,SOUTH DAKOTA,56.4
1103,2015,SANBORN,SOUTH DAKOTA,44.0
1104,2015,BROWN,SOUTH DAKOTA,42.5
1105,2015,CAMPBELL,SOUTH DAKOTA,37.8
1106,2015,FAULK,SOUTH DAKOTA,43.6
1107,2015,POTTER,SOUTH DAKOTA,44.3
1108,2015,SPINK,SOUTH DAKOTA,41.4
1109,2015,CODINGTON,SOUTH DAKOTA,45.6
1110,2015,DAY,SOUTH DAKOTA,37.5
1111,2015,GRANT,SOUTH DAKOTA,48.4
1112,2015,HAMLIN,SOUTH DAKOTA,48.9
1113,2015,MARSHALL,SOUTH DAKOTA,39.8
1114,2015,ROBERTS,SOUTH DAKOTA,39.6
1115,2015,BUTTE,SOUTH DAKOTA,35.6
1116,2015,CORSON,SOUTH DAKOTA,25.6
1117,2015,LYMAN,SOUTH DAKOTA,52.4
1118,2015,CHARLES MIX,SOUTH DAKOTA,47.3
1119,2015,CLAY,SOUTH DAKOTA,54.5
1120,2015,HUTCHINSON,SOUTH DAKOTA,49.1
1121,2015,LINCOLN,SOUTH DAKOTA,54.2
1122,2015,TURNER,SOUTH DAKOTA,52.7
1123,2015,UNION,SOUTH DAKOTA,55.0
1124,2015,YANKTON,SOUTH DAKOTA,51.9
1125,2015,BEDFORD,TENNESSEE,47.9
1126,2015,CANNON,TENNESSEE,60.7
1127,2015,CLAY,TENNESSEE,51.6
1128,2015,GILES,TENNESSEE,48.4
1129,2015,JACKSON,TENNESSEE,44.4
1130,2015,LINCOLN,TENNESSEE,46.5
1131,2015,MACON,TENNESSEE,50.5
1132,2015,MARSHALL,TENNESSEE,51.9
1133,2015,MAURY,TENNESSEE,45.0
1134,2015,RUTHERFORD,TENNESSEE,48.9
1135,2015,SMITH,TENNESSEE,50.2
1136,2015,SUMNER,TENNESSEE,43.2
1137,2015,WILLIAMSON,TENNESSEE,50.7
1138,2015,WILSON,TENNESSEE,41.9
1139,2015,BLEDSOE,TENNESSEE,41.7
1140,2015,COFFEE,TENNESSEE,54.4
1141,2015,FENTRESS,TENNESSEE,38.2
1142,2015,FRANKLIN,TENNESSEE,57.0
1143,2015,MARION,TENNESSEE,49.2
1144,2015,OVERTON,TENNESSEE,58.1
1145,2015,PUTNAM,TENNESSEE,50.3
1146,2015,SEQUATCHIE,TENNESSEE,48.8
1147,2015,VAN BUREN,TENNESSEE,44.2
1148,2015,WHITE,TENNESSEE,56.0
1149,2015,DYER,TENNESSEE,43.2
1150,2015,LAUDERDALE,TENNESSEE,48.3
1151,2015,OBION,TENNESSEE,47.6
1152,2015,TIPTON,TENNESSEE,42.6
1153,2015,BLOUNT,TENNESSEE,45.9
1154,2015,BRADLEY,TENNESSEE,53.3
1155,2015,GREENE,TENNESSEE,52.2
1156,2015,JEFFERSON,TENNESSEE,57.4
1157,2015,MEIGS,TENNESSEE,60.6
1158,2015,WASHINGTON,TENNESSEE,45.0
1159,2015,BENTON,TENNESSEE,40.3
1160,2015,CARROLL,TENNESSEE,44.9
1161,2015,CHESTER,TENNESSEE,48.5
1162,2015,CROCKETT,TENNESSEE,49.2
1163,2015,DECATUR,TENNESSEE,38.5
1164,2015,FAYETTE,TENNESSEE,43.9
1165,2015,GIBSON,TENNESSEE,44.1
1166,2015,HARDEMAN,TENNESSEE,46.4
1167,2015,HARDIN,TENNESSEE,42.5
1168,2015,HAYWOOD,TENNESSEE,44.2
1169,2015,HENDERSON,TENNESSEE,45.8
1170,2015,HENRY,TENNESSEE,43.6
1171,2015,MADISON,TENNESSEE,43.2
1172,2015,MCNAIRY,TENNESSEE,44.4
1173,2015,WEAKLEY,TENNESSEE,48.2
1174,2015,CHEATHAM,TENNESSEE,40.7
1175,2015,DICKSON,TENNESSEE,39.0
1176,2015,HUMPHREYS,TENNESSEE,45.0
1177,2015,LAWRENCE,TENNESSEE,49.8
1178,2015,MONTGOMERY,TENNESSEE,41.5
1179,2015,ROBERTSON,TENNESSEE,41.7
1180,2015,WAYNE,TENNESSEE,31.5
1181,2015,FANNIN,TEXAS,18.6
1182,2015,LAMAR,TEXAS,18.0
1183,2015,BRAZORIA,TEXAS,25.8
1184,2015,LIBERTY,TEXAS,20.1
1185,2015,WHARTON,TEXAS,35.0
1186,2015,AMELIA,VIRGINIA,36.0
1187,2015,APPOMATTOX,VIRGINIA,29.8
1188,2015,BEDFORD,VIRGINIA,29.2
1189,2015,CAMPBELL,VIRGINIA,30.8
1190,2015,CAROLINE,VIRGINIA,36.7
1191,2015,CHESTERFIELD,VIRGINIA,27.0
1192,2015,LOUISA,VIRGINIA,28.9
1193,2015,PRINCE EDWARD,VIRGINIA,33.3
1194,2015,SPOTSYLVANIA,VIRGINIA,35.3
1195,2015,ACCOMACK,VIRGINIA,35.2
1196,2015,CHARLES CITY,VIRGINIA,29.4
1197,2015,ESSEX,VIRGINIA,40.1
1198,2015,GLOUCESTER,VIRGINIA,39.3
1199,2015,KING AND QUEEN,VIRGINIA,37.1
1200,2015,NORTHAMPTON,VIRGINIA,29.5
1201,2015,NORTHUMBERLAND,VIRGINIA,40.6
1202,2015,RICHMOND,VIRGINIA,37.2
1203,2015,RICHMOND,VIRGINIA,37.2
1204,2015,WESTMORELAND,VIRGINIA,35.4
1205,2015,CULPEPER,VIRGINIA,51.3
1206,2015,FAUQUIER,VIRGINIA,39.5
1207,2015,FREDERICK,VIRGINIA,34.7
1208,2015,LOUDOUN,VIRGINIA,39.8
1209,2015,MADISON,VIRGINIA,42.8
1210,2015,PAGE,VIRGINIA,32.6
1211,2015,RAPPAHANNOCK,VIRGINIA,52.0
1212,2015,ROCKINGHAM,VIRGINIA,46.6
1213,2015,SHENANDOAH,VIRGINIA,36.9
1214,2015,STAFFORD,VIRGINIA,35.2
1215,2015,BRUNSWICK,VIRGINIA,30.9
1216,2015,GREENSVILLE,VIRGINIA,29.8
1217,2015,PRINCE GEORGE,VIRGINIA,30.7
1218,2015,SURRY,VIRGINIA,23.0
1219,2015,CHARLOTTE,VIRGINIA,37.2
1220,2015,HALIFAX,VIRGINIA,30.2
1221,2015,LUNENBURG,VIRGINIA,28.8
1222,2015,NOTTOWAY,VIRGINIA,30.1
1223,2015,PITTSYLVANIA,VIRGINIA,30.1
1224,2015,BERKELEY,WEST VIRGINIA,42.7
1225,2015,JEFFERSON,WEST VIRGINIA,46.6
1226,2015,PRESTON,WEST VIRGINIA,36.6
1227,2015,ADAMS,WISCONSIN,47.1
1228,2015,GREEN LAKE,WISCONSIN,53.3
1229,2015,JUNEAU,WISCONSIN,46.7
1230,2015,WAUPACA,WISCONSIN,49.4
1231,2015,WAUSHARA,WISCONSIN,45.0
1232,2015,WOOD,WISCONSIN,47.5
1233,2015,BROWN,WISCONSIN,52.0
1234,2015,CALUMET,WISCONSIN,51.5
1235,2015,DOOR,WISCONSIN,40.5
1236,2015,FOND DU LAC,WISCONSIN,52.2
1237,2015,KEWAUNEE,WISCONSIN,47.9
1238,2015,MANITOWOC,WISCONSIN,47.2
1239,2015,OUTAGAMIE,WISCONSIN,47.0
1240,2015,SHEBOYGAN,WISCONSIN,49.5
1241,2015,WINNEBAGO,WISCONSIN,48.0
1242,2015,CLARK,WISCONSIN,49.1
1243,2015,MARATHON,WISCONSIN,44.9
1244,2015,PRICE,WISCONSIN,31.6
1245,2015,TAYLOR,WISCONSIN,45.8
1246,2015,MARINETTE,WISCONSIN,34.9
1247,2015,OCONTO,WISCONSIN,41.2
1248,2015,SHAWANO,WISCONSIN,45.8
1249,2015,BARRON,WISCONSIN,46.9
1250,2015,BURNETT,WISCONSIN,45.8
1251,2015,CHIPPEWA,WISCONSIN,44.9
1252,2015,POLK,WISCONSIN,48.2
1253,2015,RUSK,WISCONSIN,40.0
1254,2015,COLUMBIA,WISCONSIN,52.4
1255,2015,DANE,WISCONSIN,55.2
1256,2015,DODGE,WISCONSIN,54.7
1257,2015,GREEN,WISCONSIN,52.8
1258,2015,JEFFERSON,WISCONSIN,52.8
1259,2015,ROCK,WISCONSIN,53.4
1260,2015,KENOSHA,WISCONSIN,50.8
1261,2015,MILWAUKEE,WISCONSIN,36.5
1262,2015,OZAUKEE,WISCONSIN,50.6
1263,2015,RACINE,WISCONSIN,49.0
1264,2015,WALWORTH,WISCONSIN,54.8
1265,2015,WASHINGTON,WISCONSIN,52.1
1266,2015,WAUKESHA,WISCONSIN,47.5
1267,2015,CRAWFORD,WISCONSIN,40.7
1268,2015,GRANT,WISCONSIN,55.2
1269,2015,IOWA,WISCONSIN,53.5
1270,2015,LAFAYETTE,WISCONSIN,56.9
1271,2015,RICHLAND,WISCONSIN,41.4
1272,2015,SAUK,WISCONSIN,46.0
1273,2015,VERNON,WISCONSIN,42.5
1274,2015,BUFFALO,WISCONSIN,48.1
1275,2015,DUNN,WISCONSIN,48.1
1276,2015,EAU CLAIRE,WISCONSIN,46.0
1277,2015,JACKSON,WISCONSIN,44.8
1278,2015,LA CROSSE,WISCONSIN,50.2
1279,2015,MONROE,WISCONSIN,43.9
1280,2015,PIERCE,WISCONSIN,51.5
